platform,plugin,task,run,dry_run,prepare_only,failed,timed_out,metrics_included,duration_ms,input_tokens,output_tokens,cache_read_tokens,cache_write_tokens,total_tokens,provider_estimated_cost_usd,input_cost_usd,output_cost_usd,calculated_cost_usd,saved_vs_baseline,saved_percent,saved_cost_vs_baseline,saved_cost_percent
claude-code,baseline,routing-read-write-ledger,1,false,false,false,false,true,329716,281654,4227,232695,0,518576,1.6302925,1.40827000,0.10567500,1.51394500,0,0.00,0.00000000,0.00
claude-code,tokenwarden,routing-read-write-ledger,1,false,false,false,false,true,171287,75361,3777,67153,0,146291,0.5048065,0.37680500,0.09442500,0.47123000,372285,71.79,1.04271500,68.87
claude-code,context-mode,routing-read-write-ledger,1,false,false,false,false,true,381966,272635,4693,215340,0,492668,1.58817,1.36317500,0.11732500,1.48050000,25908,5.00,0.03344500,2.21
claude-code,rtk,routing-read-write-ledger,1,false,false,true,false,false,15,0,0,0,0,0,0,0.00000000,0.00000000,0.00000000,,,,
claude-code,caveman,routing-read-write-ledger,1,false,false,false,false,true,293767,274999,3457,225210,0,503666,1.5740249999999998,1.37499500,0.08642500,1.46142000,14910,2.88,0.05252500,3.47
claude-code,baseline,helper-read-write-ledger,1,false,false,false,false,true,280988,151117,4537,119074,0,274728,0.9285469999999999,0.75558500,0.11342500,0.86901000,0,0.00,0.00000000,0.00
claude-code,tokenwarden,helper-read-write-ledger,1,false,false,false,false,true,275501,130245,5401,108649,0,244295,0.8405745,0.65122500,0.13502500,0.78625000,30433,11.08,0.08276000,9.52
claude-code,context-mode,helper-read-write-ledger,1,false,false,false,false,true,287739,148303,4061,108609,0,260973,0.8973445000000001,0.74151500,0.10152500,0.84304000,13755,5.01,0.02597000,2.99
claude-code,rtk,helper-read-write-ledger,1,false,false,true,false,false,15,0,0,0,0,0,0,0.00000000,0.00000000,0.00000000,,,,
claude-code,caveman,helper-read-write-ledger,1,false,false,false,false,true,254567,193137,3677,157240,0,354054,1.13623,0.96568500,0.09192500,1.05761000,-79326,-28.87,-0.18860000,-21.70
claude-code,baseline,core-api-read-write-ledger,1,false,false,false,false,true,506254,275468,4874,192539,0,472881,1.5954595,1.37734000,0.12185000,1.49919000,0,0.00,0.00000000,0.00
claude-code,tokenwarden,core-api-read-write-ledger,1,false,false,false,false,true,283246,85078,5565,63527,0,154170,0.5962784999999999,0.42539000,0.13912500,0.56451500,318711,67.40,0.93467500,62.35
claude-code,context-mode,core-api-read-write-ledger,1,false,false,false,false,true,523457,108014,1078,102656,0,211748,1.209279,0.54007000,0.02695000,0.56702000,261133,55.22,0.93217000,62.18
claude-code,rtk,core-api-read-write-ledger,1,false,false,true,false,false,16,0,0,0,0,0,0,0.00000000,0.00000000,0.00000000,,,,
claude-code,caveman,core-api-read-write-ledger,1,false,false,true,false,true,442176,185502,3585,101621,0,290708,1.0679455,0.92751000,0.08962500,1.01713500,182173,38.52,0.48205500,32.15
claude-code,baseline,react-state-bug-fix,1,false,false,false,false,true,48137,20957,1037,17721,0,39715,0.13957050000000001,0.10478500,0.02592500,0.13071000,0,0.00,0.00000000,0.00
claude-code,tokenwarden,react-state-bug-fix,1,false,false,false,false,true,43297,23003,841,18853,0,42697,0.1454665,0.11501500,0.02102500,0.13604000,-2982,-7.51,-0.00533000,-4.08
claude-code,context-mode,react-state-bug-fix,1,false,false,false,false,true,50923,65277,886,59525,0,125688,0.37829749999999995,0.32638500,0.02215000,0.34853500,-85973,-216.47,-0.21782500,-166.65
claude-code,rtk,react-state-bug-fix,1,false,false,true,false,false,14,0,0,0,0,0,0,0.00000000,0.00000000,0.00000000,,,,
claude-code,caveman,react-state-bug-fix,1,false,false,false,false,true,31354,29712,538,25618,0,55868,0.174819,0.14856000,0.01345000,0.16201000,-16153,-40.67,-0.03130000,-23.95
claude-code,baseline,next-api-route-fix,1,false,false,false,false,true,56292,34144,1178,29902,0,65224,0.215121,0.17072000,0.02945000,0.20017000,0,0.00,0.00000000,0.00
claude-code,tokenwarden,next-api-route-fix,1,false,false,false,false,true,54664,23362,1144,19215,0,43721,0.1550175,0.11681000,0.02860000,0.14541000,21503,32.97,0.05476000,27.36
claude-code,context-mode,next-api-route-fix,1,false,false,false,false,true,77779,79324,1470,72042,0,152836,0.469391,0.39662000,0.03675000,0.43337000,-87612,-134.32,-0.23320000,-116.50
claude-code,rtk,next-api-route-fix,1,false,false,true,false,false,14,0,0,0,0,0,0,0.00000000,0.00000000,0.00000000,,,,
claude-code,caveman,next-api-route-fix,1,false,false,false,false,true,39144,24498,722,19905,0,45125,0.1504925,0.12249000,0.01805000,0.14054000,20099,30.82,0.05963000,29.79
claude-code,baseline,cli-flag-parsing-fix,1,false,false,false,false,true,72293,34348,1627,30465,0,66440,0.22764750000000003,0.17174000,0.04067500,0.21241500,0,0.00,0.00000000,0.00
claude-code,tokenwarden,cli-flag-parsing-fix,1,false,false,false,false,true,48740,22950,998,19088,0,43036,0.149244,0.11475000,0.02495000,0.13970000,23404,35.23,0.07271500,34.23
claude-code,context-mode,cli-flag-parsing-fix,1,false,false,false,false,true,224898,350304,4866,340538,0,695708,2.043439,1.75152000,0.12165000,1.87317000,-629268,-947.12,-1.66075500,-781.84
claude-code,rtk,cli-flag-parsing-fix,1,false,false,true,false,false,15,0,0,0,0,0,0,0.00000000,0.00000000,0.00000000,,,,
claude-code,caveman,cli-flag-parsing-fix,1,false,false,false,false,true,99898,85009,2128,78375,0,165512,0.5174325000000001,0.42504500,0.05320000,0.47824500,-99072,-149.11,-0.26583000,-125.15
claude-code,baseline,large-test-log-debug,1,false,false,false,false,true,50172,48881,1000,44549,0,94430,0.2916795,0.24440500,0.02500000,0.26940500,0,0.00,0.00000000,0.00
claude-code,tokenwarden,large-test-log-debug,1,false,false,false,false,true,56850,36436,759,25473,0,62668,0.21389149999999998,0.18218000,0.01897500,0.20115500,31762,33.64,0.06825000,25.33
claude-code,context-mode,large-test-log-debug,1,false,false,false,false,true,45502,68463,715,62309,0,131487,0.3913445,0.34231500,0.01787500,0.36019000,-37057,-39.24,-0.09078500,-33.70
claude-code,rtk,large-test-log-debug,1,false,false,true,false,false,15,0,0,0,0,0,0,0.00000000,0.00000000,0.00000000,,,,
claude-code,caveman,large-test-log-debug,1,false,false,false,false,true,39425,33812,501,25778,0,60091,0.194474,0.16906000,0.01252500,0.18158500,34339,36.36,0.08782000,32.60
claude-code,baseline,typecheck-flood-debug,1,false,false,true,false,true,32680,19605,662,16740,0,37007,0.122945,0.09802500,0.01655000,0.11457500,0,0.00,0.00000000,0.00
claude-code,tokenwarden,typecheck-flood-debug,1,false,false,true,false,true,48821,29050,978,24858,0,54886,0.182129,0.14525000,0.02445000,0.16970000,-17879,-48.31,-0.05512500,-48.11
claude-code,context-mode,typecheck-flood-debug,1,false,false,true,false,true,42563,49927,707,44544,0,95178,0.289582,0.24963500,0.01767500,0.26731000,-58171,-157.19,-0.15273500,-133.31
claude-code,rtk,typecheck-flood-debug,1,false,false,true,false,false,14,0,0,0,0,0,0,0.00000000,0.00000000,0.00000000,,,,
claude-code,caveman,typecheck-flood-debug,1,false,false,true,false,true,28811,23283,491,19328,0,43102,0.138354,0.11641500,0.01227500,0.12869000,-6095,-16.47,-0.01411500,-12.32
claude-code,baseline,build-failure-debug,1,false,false,false,false,true,30448,19297,578,16098,0,35973,0.118984,0.09648500,0.01445000,0.11093500,0,0.00,0.00000000,0.00
claude-code,tokenwarden,build-failure-debug,1,false,false,false,false,true,39009,28054,749,24277,0,53080,0.17113350000000002,0.14027000,0.01872500,0.15899500,-17107,-47.56,-0.04806000,-43.32
claude-code,context-mode,build-failure-debug,1,false,false,false,false,true,34886,49558,536,44544,0,94638,0.283462,0.24779000,0.01340000,0.26119000,-58665,-163.08,-0.15025500,-135.44
claude-code,rtk,build-failure-debug,1,false,false,true,false,false,15,0,0,0,0,0,0,0.00000000,0.00000000,0.00000000,,,,
claude-code,caveman,build-failure-debug,1,false,false,false,false,true,25833,22920,425,19165,0,42510,0.1348075,0.11460000,0.01062500,0.12522500,-6537,-18.17,-0.01429000,-12.88
claude-code,baseline,multi-file-rename-migration,1,false,false,false,false,true,55503,31021,1211,27598,0,59830,0.19917900000000005,0.15510500,0.03027500,0.18538000,0,0.00,0.00000000,0.00
claude-code,tokenwarden,multi-file-rename-migration,1,false,false,false,false,true,54236,28441,1131,24410,0,53982,0.182685,0.14220500,0.02827500,0.17048000,5848,9.77,0.01490000,8.04
claude-code,context-mode,multi-file-rename-migration,1,false,false,false,false,true,57982,63392,1029,57201,0,121622,0.3712855,0.31696000,0.02572500,0.34268500,-61792,-103.28,-0.15730500,-84.86
claude-code,rtk,multi-file-rename-migration,1,false,false,true,false,false,14,0,0,0,0,0,0,0.00000000,0.00000000,0.00000000,,,,
claude-code,caveman,multi-file-rename-migration,1,false,false,false,false,true,66750,45475,1409,40865,0,87749,0.28303249999999996,0.22737500,0.03522500,0.26260000,-27919,-46.66,-0.07722000,-41.65
claude-code,baseline,feature-add-small,1,false,false,false,false,true,31223,19555,582,16099,0,36236,0.1203745,0.09777500,0.01455000,0.11232500,0,0.00,0.00000000,0.00
claude-code,tokenwarden,feature-add-small,1,false,false,false,false,true,41426,22270,819,18532,0,41621,0.141091,0.11135000,0.02047500,0.13182500,-5385,-14.86,-0.01950000,-17.36
claude-code,context-mode,feature-add-small,1,false,false,false,false,true,39926,49978,635,44544,0,95157,0.288037,0.24989000,0.01587500,0.26576500,-58921,-162.60,-0.15344000,-136.60
claude-code,rtk,feature-add-small,1,false,false,true,false,false,15,0,0,0,0,0,0,0.00000000,0.00000000,0.00000000,,,,
claude-code,caveman,feature-add-small,1,false,false,false,false,true,29591,23259,505,19251,0,43015,0.1385455,0.11629500,0.01262500,0.12892000,-6779,-18.71,-0.01659500,-14.77
claude-code,baseline,refactor-no-behavior-change,1,false,false,false,false,true,29619,19603,581,16808,0,36992,0.12094400000000001,0.09801500,0.01452500,0.11254000,0,0.00,0.00000000,0.00
claude-code,tokenwarden,refactor-no-behavior-change,1,false,false,false,false,true,38134,22310,759,18935,0,42004,0.13999250000000002,0.11155000,0.01897500,0.13052500,-5012,-13.55,-0.01798500,-15.98
claude-code,context-mode,refactor-no-behavior-change,1,false,false,false,false,true,40063,49897,662,44796,0,95355,0.288433,0.24948500,0.01655000,0.26603500,-58363,-157.77,-0.15349500,-136.39
claude-code,rtk,refactor-no-behavior-change,1,false,false,true,false,false,13,0,0,0,0,0,0,0.00000000,0.00000000,0.00000000,,,,
claude-code,caveman,refactor-no-behavior-change,1,false,false,false,false,true,68764,88903,1360,82954,0,173217,0.519992,0.44451500,0.03400000,0.47851500,-136225,-368.26,-0.36597500,-325.20
claude-code,baseline,code-review-diagnosis,1,false,false,true,false,true,87056,36592,2022,32800,0,71414,0.24991,0.18296000,0.05055000,0.23351000,0,0.00,0.00000000,0.00
claude-code,tokenwarden,code-review-diagnosis,1,false,false,true,false,true,70212,16914,1627,13736,0,32277,0.13211299999999998,0.08457000,0.04067500,0.12524500,39137,54.80,0.10826500,46.36
claude-code,context-mode,code-review-diagnosis,1,false,false,true,false,true,37301,36920,658,32620,0,70198,0.21736,0.18460000,0.01645000,0.20105000,1216,1.70,0.03246000,13.90
claude-code,rtk,code-review-diagnosis,1,false,false,true,false,false,15,0,0,0,0,0,0,0.00000000,0.00000000,0.00000000,,,,
claude-code,caveman,code-review-diagnosis,1,false,false,true,false,true,37990,22962,762,19402,0,43126,0.143561,0.11481000,0.01905000,0.13386000,28288,39.61,0.09965000,42.67
claude-code,baseline,docs-from-code,1,false,false,false,false,true,31835,14201,668,11633,0,26502,0.09352150000000001,0.07100500,0.01670000,0.08770500,0,0.00,0.00000000,0.00
claude-code,tokenwarden,docs-from-code,1,false,false,false,false,true,41324,27658,832,24165,0,52655,0.17117249999999998,0.13829000,0.02080000,0.15909000,-26153,-98.68,-0.07138500,-81.39
claude-code,context-mode,docs-from-code,1,false,false,false,false,true,40947,37128,740,32726,0,70594,0.220503,0.18564000,0.01850000,0.20414000,-44092,-166.37,-0.11643500,-132.76
claude-code,rtk,docs-from-code,1,false,false,true,false,false,14,0,0,0,0,0,0,0.00000000,0.00000000,0.00000000,,,,
claude-code,caveman,docs-from-code,1,false,false,true,false,true,37232,23127,735,19505,0,43367,0.14376250000000002,0.11563500,0.01837500,0.13401000,-16865,-63.64,-0.04630500,-52.80
claude-code,baseline,routing-read-write-ledger,2,false,false,false,false,true,333049,216932,4412,168093,0,389437,1.2790065000000002,1.08466000,0.11030000,1.19496000,0,0.00,0.00000000,0.00
claude-code,tokenwarden,routing-read-write-ledger,2,false,false,false,false,true,222844,168455,3977,145649,0,318081,1.0145244999999998,0.84227500,0.09942500,0.94170000,71356,18.32,0.25326000,21.19
claude-code,context-mode,routing-read-write-ledger,2,false,false,true,false,true,408852,332166,5250,277793,0,615209,1.9309765,1.66083000,0.13125000,1.79208000,-225772,-57.97,-0.59712000,-49.97
claude-code,rtk,routing-read-write-ledger,2,false,false,true,false,false,17,0,0,0,0,0,0,0.00000000,0.00000000,0.00000000,,,,
claude-code,caveman,routing-read-write-ledger,2,false,false,false,false,true,302553,222685,3669,172905,0,399259,1.2916025,1.11342500,0.09172500,1.20515000,-9822,-2.52,-0.01019000,-0.85
claude-code,baseline,helper-read-write-ledger,2,false,false,false,false,true,335382,154091,5663,119491,0,279245,0.9717754999999999,0.77045500,0.14157500,0.91203000,0,0.00,0.00000000,0.00
claude-code,tokenwarden,helper-read-write-ledger,2,false,false,false,false,true,225022,128260,4152,106912,0,239324,0.798556,0.64130000,0.10380000,0.74510000,39921,14.30,0.16693000,18.30
claude-code,context-mode,helper-read-write-ledger,2,false,false,false,false,true,222564,114337,3528,84191,0,202056,0.7019805,0.57168500,0.08820000,0.65988500,77189,27.64,0.25214500,27.65
claude-code,rtk,helper-read-write-ledger,2,false,false,true,false,false,14,0,0,0,0,0,0,0.00000000,0.00000000,0.00000000,,,,
claude-code,caveman,helper-read-write-ledger,2,false,false,false,false,true,299268,128228,4663,91052,0,223943,0.803241,0.64114000,0.11657500,0.75771500,55302,19.80,0.15431500,16.92
claude-code,baseline,core-api-read-write-ledger,2,false,false,false,false,true,511267,332593,4748,248519,0,585860,1.9059245,1.66296500,0.11870000,1.78166500,0,0.00,0.00000000,0.00
claude-code,tokenwarden,core-api-read-write-ledger,2,false,false,false,false,true,225653,45047,4676,29892,0,79615,0.357081,0.22523500,0.11690000,0.34213500,506245,86.41,1.43953000,80.80
claude-code,context-mode,core-api-read-write-ledger,2,false,false,false,false,true,539104,108482,1055,104426,0,213963,1.2233040000000002,0.54241000,0.02637500,0.56878500,371897,63.48,1.21288000,68.08
claude-code,rtk,core-api-read-write-ledger,2,false,false,true,false,false,14,0,0,0,0,0,0,0.00000000,0.00000000,0.00000000,,,,
claude-code,caveman,core-api-read-write-ledger,2,false,false,true,false,true,599348,206796,6652,122910,0,336358,1.2617350000000003,1.03398000,0.16630000,1.20028000,249502,42.59,0.58138500,32.63
claude-code,baseline,react-state-bug-fix,2,false,false,false,false,true,35687,20243,691,16679,0,37613,0.12682949999999998,0.10121500,0.01727500,0.11849000,0,0.00,0.00000000,0.00
claude-code,tokenwarden,react-state-bug-fix,2,false,false,false,false,true,92354,54532,2018,49140,0,105690,0.34768,0.27266000,0.05045000,0.32311000,-68077,-180.99,-0.20462000,-172.69
claude-code,context-mode,react-state-bug-fix,2,false,false,false,false,true,42909,50674,698,45056,0,96428,0.29334800000000005,0.25337000,0.01745000,0.27082000,-58815,-156.37,-0.15233000,-128.56
claude-code,rtk,react-state-bug-fix,2,false,false,true,false,false,16,0,0,0,0,0,0,0.00000000,0.00000000,0.00000000,,,,
claude-code,caveman,react-state-bug-fix,2,false,false,false,false,true,43245,38396,800,33655,0,72851,0.2288075,0.19198000,0.02000000,0.21198000,-35238,-93.69,-0.09349000,-78.90
claude-code,baseline,next-api-route-fix,2,false,false,false,false,true,49208,21143,1045,17452,0,39640,0.14056600000000002,0.10571500,0.02612500,0.13184000,0,0.00,0.00000000,0.00
claude-code,tokenwarden,next-api-route-fix,2,false,false,false,false,true,70924,38959,1485,33761,0,74205,0.24880049999999998,0.19479500,0.03712500,0.23192000,-34565,-87.20,-0.10008000,-75.91
claude-code,context-mode,next-api-route-fix,2,false,false,false,false,true,50284,51104,860,45056,0,97020,0.29954800000000004,0.25552000,0.02150000,0.27702000,-57380,-144.75,-0.14518000,-110.12
claude-code,rtk,next-api-route-fix,2,false,false,true,false,false,14,0,0,0,0,0,0,0.00000000,0.00000000,0.00000000,,,,
claude-code,caveman,next-api-route-fix,2,false,false,false,false,true,59595,40044,1168,34380,0,75592,0.24661,0.20022000,0.02920000,0.22942000,-35952,-90.70,-0.09758000,-74.01
claude-code,baseline,cli-flag-parsing-fix,2,false,false,false,false,true,67373,34079,1449,29465,0,64993,0.22135249999999998,0.17039500,0.03622500,0.20662000,0,0.00,0.00000000,0.00
claude-code,tokenwarden,cli-flag-parsing-fix,2,false,false,false,false,true,75204,44183,1611,39315,0,85109,0.2808475,0.22091500,0.04027500,0.26119000,-20116,-30.95,-0.05457000,-26.41
claude-code,context-mode,cli-flag-parsing-fix,2,false,false,false,false,true,82630,80077,1605,73077,0,154759,0.4770485,0.40038500,0.04012500,0.44051000,-89766,-138.12,-0.23389000,-113.20
claude-code,rtk,cli-flag-parsing-fix,2,false,false,true,false,false,15,0,0,0,0,0,0,0.00000000,0.00000000,0.00000000,,,,
claude-code,caveman,cli-flag-parsing-fix,2,false,false,false,false,true,109505,59294,2413,52806,0,114513,0.38319800000000004,0.29647000,0.06032500,0.35679500,-49520,-76.19,-0.15017500,-72.68
claude-code,baseline,large-test-log-debug,2,false,false,false,false,true,57515,36364,1002,28720,0,66086,0.22122999999999998,0.18182000,0.02505000,0.20687000,0,0.00,0.00000000,0.00
claude-code,tokenwarden,large-test-log-debug,2,false,false,false,false,true,41345,29579,771,25343,0,55693,0.1798415,0.14789500,0.01927500,0.16717000,10393,15.73,0.03970000,19.19
claude-code,context-mode,large-test-log-debug,2,false,false,false,false,true,46606,67069,731,60678,0,128478,0.383959,0.33534500,0.01827500,0.35362000,-62392,-94.41,-0.14675000,-70.94
claude-code,rtk,large-test-log-debug,2,false,false,true,false,false,15,0,0,0,0,0,0,0.00000000,0.00000000,0.00000000,,,,
claude-code,caveman,large-test-log-debug,2,false,false,false,false,true,34984,26845,422,19211,0,46478,0.1543805,0.13422500,0.01055000,0.14477500,19608,29.67,0.06209500,30.02
claude-code,baseline,typecheck-flood-debug,2,false,false,true,false,true,63367,49520,1405,46006,0,96931,0.305728,0.24760000,0.03512500,0.28272500,0,0.00,0.00000000,0.00
claude-code,tokenwarden,typecheck-flood-debug,2,false,false,true,false,true,52863,31083,1064,26529,0,58676,0.1952795,0.15541500,0.02660000,0.18201500,38255,39.47,0.10071000,35.62
claude-code,context-mode,typecheck-flood-debug,2,false,false,true,false,true,40596,49944,658,44544,0,95146,0.288442,0.24972000,0.01645000,0.26617000,1785,1.84,0.01655500,5.86
claude-code,rtk,typecheck-flood-debug,2,false,false,true,false,false,15,0,0,0,0,0,0,0.00000000,0.00000000,0.00000000,,,,
claude-code,caveman,typecheck-flood-debug,2,false,false,true,false,true,37634,31885,654,26937,0,59476,0.1892435,0.15942500,0.01635000,0.17577500,37455,38.64,0.10695000,37.83
claude-code,baseline,build-failure-debug,2,false,false,false,false,true,29020,19257,559,16314,0,36130,0.118417,0.09628500,0.01397500,0.11026000,0,0.00,0.00000000,0.00
claude-code,tokenwarden,build-failure-debug,2,false,false,false,false,true,30918,21617,568,18268,0,40453,0.131419,0.10808500,0.01420000,0.12228500,-4323,-11.97,-0.01202500,-10.91
claude-code,context-mode,build-failure-debug,2,false,false,false,false,true,37556,49662,595,44544,0,94801,0.285457,0.24831000,0.01487500,0.26318500,-58671,-162.39,-0.15292500,-138.69
claude-code,rtk,build-failure-debug,2,false,false,true,false,false,15,0,0,0,0,0,0,0.00000000,0.00000000,0.00000000,,,,
claude-code,caveman,build-failure-debug,2,false,false,false,false,true,27190,22936,454,19079,0,42469,0.1355695,0.11468000,0.01135000,0.12603000,-6339,-17.54,-0.01577000,-14.30
claude-code,baseline,multi-file-rename-migration,2,false,false,false,false,true,55758,31402,1234,28189,0,60825,0.20195449999999998,0.15701000,0.03085000,0.18786000,0,0.00,0.00000000,0.00
claude-code,tokenwarden,multi-file-rename-migration,2,false,false,false,false,true,47708,28189,975,24427,0,53591,0.1775335,0.14094500,0.02437500,0.16532000,7234,11.89,0.02254000,12.00
claude-code,context-mode,multi-file-rename-migration,2,false,false,false,false,true,58498,63793,1061,58112,0,122966,0.374546,0.31896500,0.02652500,0.34549000,-62141,-102.16,-0.15763000,-83.91
claude-code,rtk,multi-file-rename-migration,2,false,false,true,false,false,15,0,0,0,0,0,0,0.00000000,0.00000000,0.00000000,,,,
claude-code,caveman,multi-file-rename-migration,2,false,false,false,false,true,47274,36786,958,32892,0,70636,0.224326,0.18393000,0.02395000,0.20788000,-9811,-16.13,-0.02002000,-10.66
claude-code,baseline,feature-add-small,2,false,false,false,false,true,31883,19571,612,16353,0,36536,0.12133150000000001,0.09785500,0.01530000,0.11315500,0,0.00,0.00000000,0.00
claude-code,tokenwarden,feature-add-small,2,false,false,false,false,true,34194,21984,656,18648,0,41288,0.135644,0.10992000,0.01640000,0.12632000,-4752,-13.01,-0.01316500,-11.63
claude-code,context-mode,feature-add-small,2,false,false,false,false,true,36589,49899,555,44544,0,94998,0.285642,0.24949500,0.01387500,0.26337000,-58462,-160.01,-0.15021500,-132.75
claude-code,rtk,feature-add-small,2,false,false,true,false,false,14,0,0,0,0,0,0,0.00000000,0.00000000,0.00000000,,,,
claude-code,caveman,feature-add-small,2,false,false,false,false,true,28858,23261,485,19257,0,43003,0.13805849999999997,0.11630500,0.01212500,0.12843000,-6467,-17.70,-0.01527500,-13.50
claude-code,baseline,refactor-no-behavior-change,2,false,false,false,false,true,26773,19543,507,16748,0,36798,0.118764,0.09771500,0.01267500,0.11039000,0,0.00,0.00000000,0.00
claude-code,tokenwarden,refactor-no-behavior-change,2,false,false,false,false,true,33471,22105,631,18730,0,41466,0.135665,0.11052500,0.01577500,0.12630000,-4668,-12.69,-0.01591000,-14.41
claude-code,context-mode,refactor-no-behavior-change,2,false,false,false,false,true,41868,50003,703,44857,0,95563,0.2900185,0.25001500,0.01757500,0.26759000,-58765,-159.70,-0.15720000,-142.40
claude-code,rtk,refactor-no-behavior-change,2,false,false,true,false,false,14,0,0,0,0,0,0,0.00000000,0.00000000,0.00000000,,,,
claude-code,caveman,refactor-no-behavior-change,2,false,false,false,false,true,28937,23345,504,19602,0,43451,0.139126,0.11672500,0.01260000,0.12932500,-6653,-18.08,-0.01893500,-17.15
claude-code,baseline,code-review-diagnosis,2,false,false,true,false,true,57803,19652,1294,16211,0,37157,0.1387155,0.09826000,0.03235000,0.13061000,0,0.00,0.00000000,0.00
claude-code,tokenwarden,code-review-diagnosis,2,false,false,true,false,true,68824,27901,1563,24595,0,54059,0.1908775,0.13950500,0.03907500,0.17858000,-16902,-45.49,-0.04797000,-36.73
claude-code,context-mode,code-review-diagnosis,2,false,false,true,false,true,57184,37418,1164,33118,0,71700,0.23274899999999998,0.18709000,0.02910000,0.21619000,-34543,-92.96,-0.08558000,-65.52
claude-code,rtk,code-review-diagnosis,2,false,false,true,false,false,13,0,0,0,0,0,0,0.00000000,0.00000000,0.00000000,,,,
claude-code,caveman,code-review-diagnosis,2,false,false,true,false,true,50863,23436,1095,19838,0,44369,0.154474,0.11718000,0.02737500,0.14455500,-7212,-19.41,-0.01394500,-10.68
claude-code,baseline,docs-from-code,2,false,false,false,false,true,32944,14253,694,11677,0,26624,0.09445350000000001,0.07126500,0.01735000,0.08861500,0,0.00,0.00000000,0.00
claude-code,tokenwarden,docs-from-code,2,false,false,false,false,true,35214,15994,705,12845,0,29544,0.1040175,0.07997000,0.01762500,0.09759500,-2920,-10.97,-0.00898000,-10.13
claude-code,context-mode,docs-from-code,2,false,false,false,false,true,36553,37313,619,32778,0,70710,0.218429,0.18656500,0.01547500,0.20204000,-44086,-165.59,-0.11342500,-128.00
claude-code,rtk,docs-from-code,2,false,false,true,false,false,13,0,0,0,0,0,0,0.00000000,0.00000000,0.00000000,,,,
claude-code,caveman,docs-from-code,2,false,false,false,false,true,29556,17021,545,13503,0,31069,0.10548149999999999,0.08510500,0.01362500,0.09873000,-4445,-16.70,-0.01011500,-11.41
claude-code,baseline,routing-read-write-ledger,3,false,false,false,false,true,329251,188739,4328,139918,0,332985,1.121854,0.94369500,0.10820000,1.05189500,0,0.00,0.00000000,0.00
claude-code,tokenwarden,routing-read-write-ledger,3,false,false,false,false,true,198524,80429,4355,69746,0,154530,0.545893,0.40214500,0.10887500,0.51102000,178455,53.59,0.54087500,51.42
claude-code,context-mode,routing-read-write-ledger,3,false,false,false,false,true,406003,362742,5231,308667,0,676640,2.0988185,1.81371000,0.13077500,1.94448500,-343655,-103.20,-0.89259000,-84.86
claude-code,rtk,routing-read-write-ledger,3,false,false,true,false,false,15,0,0,0,0,0,0,0.00000000,0.00000000,0.00000000,,,,
claude-code,caveman,routing-read-write-ledger,3,false,false,false,false,true,274543,113246,3134,63612,0,179992,0.676386,0.56623000,0.07835000,0.64458000,152993,45.95,0.40731500,38.72
claude-code,baseline,helper-read-write-ledger,3,false,false,false,false,true,251901,198081,3677,162524,0,364282,1.163592,0.99040500,0.09192500,1.08233000,0,0.00,0.00000000,0.00
claude-code,tokenwarden,helper-read-write-ledger,3,false,false,false,false,true,297092,362404,5241,333941,0,701586,2.1100155000000003,1.81202000,0.13102500,1.94304500,-337304,-92.59,-0.86071500,-79.52
claude-code,context-mode,helper-read-write-ledger,3,false,false,false,false,true,354767,424684,4514,366516,0,795714,2.4195279999999997,2.12342000,0.11285000,2.23627000,-431432,-118.43,-1.15394000,-106.62
claude-code,rtk,helper-read-write-ledger,3,false,false,true,false,false,14,0,0,0,0,0,0,0.00000000,0.00000000,0.00000000,,,,
claude-code,caveman,helper-read-write-ledger,3,false,false,true,false,true,268262,127131,4090,91651,0,222872,0.7837305,0.63565500,0.10225000,0.73790500,141410,38.82,0.34442500,31.82
claude-code,baseline,core-api-read-write-ledger,3,false,false,false,false,true,500559,497157,4943,417615,0,919715,2.8181675,2.48578500,0.12357500,2.60936000,0,0.00,0.00000000,0.00
claude-code,tokenwarden,core-api-read-write-ledger,3,false,false,false,false,true,204326,64405,4061,48315,0,116781,0.4477075,0.32202500,0.10152500,0.42355000,802934,87.30,2.18581000,83.77
claude-code,context-mode,core-api-read-write-ledger,3,false,false,false,false,true,603930,549302,5911,463281,0,1018494,3.1259254999999997,2.74651000,0.14777500,2.89428500,-98779,-10.74,-0.28492500,-10.92
claude-code,rtk,core-api-read-write-ledger,3,false,false,true,false,false,15,0,0,0,0,0,0,0.00000000,0.00000000,0.00000000,,,,
claude-code,caveman,core-api-read-write-ledger,3,false,false,true,false,true,600354,169721,937,87818,0,258476,0.9159390000000001,0.84860500,0.02342500,0.87203000,661239,71.90,1.73733000,66.58
claude-code,baseline,react-state-bug-fix,3,false,false,false,false,true,44055,26036,904,22397,0,49337,0.1639785,0.13018000,0.02260000,0.15278000,0,0.00,0.00000000,0.00
claude-code,tokenwarden,react-state-bug-fix,3,false,false,false,false,true,57648,23698,1237,19878,0,44813,0.159354,0.11849000,0.03092500,0.14941500,4524,9.17,0.00336500,2.20
claude-code,context-mode,react-state-bug-fix,3,false,false,false,false,true,97296,109993,1897,102019,0,213909,0.6483995,0.54996500,0.04742500,0.59739000,-164572,-333.57,-0.44461000,-291.01
claude-code,rtk,react-state-bug-fix,3,false,false,true,false,false,14,0,0,0,0,0,0,0.00000000,0.00000000,0.00000000,,,,
claude-code,caveman,react-state-bug-fix,3,false,false,false,false,true,31242,23915,536,19794,0,44245,0.142872,0.11957500,0.01340000,0.13297500,5092,10.32,0.01980500,12.96
claude-code,baseline,next-api-route-fix,3,false,false,false,false,true,67097,35159,1432,30421,0,67012,0.2268055,0.17579500,0.03580000,0.21159500,0,0.00,0.00000000,0.00
claude-code,tokenwarden,next-api-route-fix,3,false,false,false,false,true,74420,39038,1578,33794,0,74410,0.251537,0.19519000,0.03945000,0.23464000,-7398,-11.04,-0.02304500,-10.89
claude-code,context-mode,next-api-route-fix,3,false,false,false,false,true,81437,80600,1572,73553,0,155725,0.4790765,0.40300000,0.03930000,0.44230000,-88713,-132.38,-0.23070500,-109.03
claude-code,rtk,next-api-route-fix,3,false,false,true,false,false,14,0,0,0,0,0,0,0.00000000,0.00000000,0.00000000,,,,
claude-code,caveman,next-api-route-fix,3,false,false,false,false,true,35444,24381,630,19945,0,44956,0.14762750000000002,0.12190500,0.01575000,0.13765500,22056,32.91,0.07394000,34.94
claude-code,baseline,cli-flag-parsing-fix,3,false,false,false,false,true,62219,21460,1433,18432,0,41325,0.152341,0.10730000,0.03582500,0.14312500,0,0.00,0.00000000,0.00
claude-code,tokenwarden,cli-flag-parsing-fix,3,false,false,false,false,true,75206,38178,1613,33133,0,72924,0.24778150000000002,0.19089000,0.04032500,0.23121500,-31599,-76.46,-0.08809000,-61.55
claude-code,context-mode,cli-flag-parsing-fix,3,false,false,false,false,true,53459,50739,950,44800,0,96489,0.299845,0.25369500,0.02375000,0.27744500,-55164,-133.49,-0.13432000,-93.85
claude-code,rtk,cli-flag-parsing-fix,3,false,false,true,false,false,15,0,0,0,0,0,0,0.00000000,0.00000000,0.00000000,,,,
claude-code,caveman,cli-flag-parsing-fix,3,false,false,false,false,true,57200,45852,1160,41155,0,88167,0.2788375,0.22926000,0.02900000,0.25826000,-46842,-113.35,-0.11513500,-80.44
claude-code,baseline,large-test-log-debug,3,false,false,false,false,true,48407,30142,764,22453,0,53359,0.18103650000000002,0.15071000,0.01910000,0.16981000,0,0.00,0.00000000,0.00
claude-code,tokenwarden,large-test-log-debug,3,false,false,false,false,true,47623,33166,713,25339,0,59218,0.1963245,0.16583000,0.01782500,0.18365500,-5859,-10.98,-0.01384500,-8.15
claude-code,context-mode,large-test-log-debug,3,false,false,false,false,true,46734,54224,754,48007,0,102985,0.31397349999999996,0.27112000,0.01885000,0.28997000,-49626,-93.00,-0.12016000,-70.76
claude-code,rtk,large-test-log-debug,3,false,false,true,false,false,15,0,0,0,0,0,0,0.00000000,0.00000000,0.00000000,,,,
claude-code,caveman,large-test-log-debug,3,false,false,false,false,true,34003,26908,549,21805,0,49262,0.1591675,0.13454000,0.01372500,0.14826500,4097,7.68,0.02154500,12.69
claude-code,baseline,typecheck-flood-debug,3,false,false,true,false,true,64717,60444,1370,55998,0,117812,0.36446900000000004,0.30222000,0.03425000,0.33647000,0,0.00,0.00000000,0.00
claude-code,tokenwarden,typecheck-flood-debug,3,false,false,true,false,true,43258,30372,813,25814,0,56999,0.185092,0.15186000,0.02032500,0.17218500,60813,51.62,0.16428500,48.83
claude-code,context-mode,typecheck-flood-debug,3,false,false,true,false,true,47481,64007,815,58442,0,123264,0.36963100000000004,0.32003500,0.02037500,0.34041000,-5452,-4.63,-0.00394000,-1.17
claude-code,rtk,typecheck-flood-debug,3,false,false,true,false,false,17,0,0,0,0,0,0,0.00000000,0.00000000,0.00000000,,,,
claude-code,caveman,typecheck-flood-debug,3,false,false,true,false,true,39624,23529,783,19703,0,44015,0.14707150000000002,0.11764500,0.01957500,0.13722000,73797,62.64,0.19925000,59.22
claude-code,baseline,build-failure-debug,3,false,false,false,false,true,29383,19277,565,16324,0,36166,0.118672,0.09638500,0.01412500,0.11051000,0,0.00,0.00000000,0.00
claude-code,tokenwarden,build-failure-debug,3,false,false,false,false,true,39476,21923,777,18308,0,41008,0.13819399999999998,0.10961500,0.01942500,0.12904000,-4842,-13.39,-0.01853000,-16.77
claude-code,context-mode,build-failure-debug,3,false,false,false,false,true,43299,63395,737,58249,0,122381,0.36452450000000003,0.31697500,0.01842500,0.33540000,-86215,-238.39,-0.22489000,-203.50
claude-code,rtk,build-failure-debug,3,false,false,true,false,false,15,0,0,0,0,0,0,0.00000000,0.00000000,0.00000000,,,,
claude-code,caveman,build-failure-debug,3,false,false,false,false,true,26821,22909,450,19157,0,42516,0.13537349999999998,0.11454500,0.01125000,0.12579500,-6350,-17.56,-0.01528500,-13.83
claude-code,baseline,multi-file-rename-migration,3,false,false,false,false,true,60258,31819,1343,28501,0,61663,0.20692049999999998,0.15909500,0.03357500,0.19267000,0,0.00,0.00000000,0.00
claude-code,tokenwarden,multi-file-rename-migration,3,false,false,false,false,true,62055,29253,1328,25195,0,55776,0.19206249999999997,0.14626500,0.03320000,0.17946500,5887,9.55,0.01320500,6.85
claude-code,context-mode,multi-file-rename-migration,3,false,false,false,false,true,69534,63590,1324,57478,0,122392,0.37978900000000004,0.31795000,0.03310000,0.35105000,-60729,-98.49,-0.15838000,-82.20
claude-code,rtk,multi-file-rename-migration,3,false,false,true,false,false,14,0,0,0,0,0,0,0.00000000,0.00000000,0.00000000,,,,
claude-code,caveman,multi-file-rename-migration,3,false,false,false,false,true,46674,30436,919,26073,0,57428,0.1881915,0.15218000,0.02297500,0.17515500,4235,6.87,0.01751500,9.09
claude-code,baseline,feature-add-small,3,false,false,false,false,true,56091,32516,1208,28721,0,62445,0.20714050000000003,0.16258000,0.03020000,0.19278000,0,0.00,0.00000000,0.00
claude-code,tokenwarden,feature-add-small,3,false,false,false,false,true,39739,22166,780,18482,0,41428,0.139571,0.11083000,0.01950000,0.13033000,21017,33.66,0.06245000,32.39
claude-code,context-mode,feature-add-small,3,false,false,false,false,true,35880,49817,563,44808,0,95188,0.28556400000000004,0.24908500,0.01407500,0.26316000,-32743,-52.43,-0.07038000,-36.51
claude-code,rtk,feature-add-small,3,false,false,true,false,false,14,0,0,0,0,0,0,0.00000000,0.00000000,0.00000000,,,,
claude-code,caveman,feature-add-small,3,false,false,false,false,true,32770,23416,585,19352,0,43353,0.14138099999999998,0.11708000,0.01462500,0.13170500,19092,30.57,0.06107500,31.68
claude-code,baseline,refactor-no-behavior-change,3,false,false,false,false,true,34642,19850,702,16805,0,37357,0.12520250000000002,0.09925000,0.01755000,0.11680000,0,0.00,0.00000000,0.00
claude-code,tokenwarden,refactor-no-behavior-change,3,false,false,false,false,true,37710,22234,747,18858,0,41839,0.139274,0.11117000,0.01867500,0.12984500,-4482,-12.00,-0.01304500,-11.17
claude-code,context-mode,refactor-no-behavior-change,3,false,false,false,false,true,36952,49968,579,44853,0,95400,0.2867415,0.24984000,0.01447500,0.26431500,-58043,-155.37,-0.14751500,-126.30
claude-code,rtk,refactor-no-behavior-change,3,false,false,true,false,false,14,0,0,0,0,0,0,0.00000000,0.00000000,0.00000000,,,,
claude-code,caveman,refactor-no-behavior-change,3,false,false,false,false,true,29039,23337,506,19600,0,43443,0.139135,0.11668500,0.01265000,0.12933500,-6086,-16.29,-0.01253500,-10.73
claude-code,baseline,code-review-diagnosis,3,false,false,true,false,true,62987,15061,1484,12464,0,29009,0.11863699999999999,0.07530500,0.03710000,0.11240500,0,0.00,0.00000000,0.00
claude-code,tokenwarden,code-review-diagnosis,3,false,false,true,false,true,57988,21843,1297,18626,0,41766,0.150953,0.10921500,0.03242500,0.14164000,-12757,-43.98,-0.02923500,-26.01
claude-code,context-mode,code-review-diagnosis,3,false,false,true,false,true,48234,37203,936,32903,0,71042,0.22586650000000003,0.18601500,0.02340000,0.20941500,-42033,-144.90,-0.09701000,-86.30
claude-code,rtk,code-review-diagnosis,3,false,false,true,false,false,17,0,0,0,0,0,0,0.00000000,0.00000000,0.00000000,,,,
claude-code,caveman,code-review-diagnosis,3,false,false,true,false,true,35254,23099,683,19483,0,43265,0.1423115,0.11549500,0.01707500,0.13257000,-14256,-49.14,-0.02016500,-17.94
claude-code,baseline,docs-from-code,3,false,false,false,false,true,44788,20223,969,17167,0,38359,0.1339235,0.10111500,0.02422500,0.12534000,0,0.00,0.00000000,0.00
claude-code,tokenwarden,docs-from-code,3,false,false,false,false,true,49229,28397,1024,24636,0,54057,0.17990299999999998,0.14198500,0.02560000,0.16758500,-15698,-40.92,-0.04224500,-33.70
claude-code,context-mode,docs-from-code,3,false,false,false,false,true,44367,37007,836,32750,0,70593,0.22231,0.18503500,0.02090000,0.20593500,-32234,-84.03,-0.08059500,-64.30
claude-code,rtk,docs-from-code,3,false,false,true,false,false,13,0,0,0,0,0,0,0.00000000,0.00000000,0.00000000,,,,
claude-code,caveman,docs-from-code,3,false,false,false,false,true,39637,34729,793,31114,0,66636,0.209027,0.17364500,0.01982500,0.19347000,-28277,-73.72,-0.06813000,-54.36
